StationID,Lake.Name,StationName,RegionalOffice,Date,Depth,CHLa,TN,TP,MC
1-ALOH007.93,Curtis Lake,CURTIS LAKE - 100' FROM DAM,NRO,2023-06-27T00:00:00Z,0.3,9.08,1.01,0.03,0.12056666666666667
1-ALOH007.93,Curtis Lake,CURTIS LAKE - 100' FROM DAM,NRO,2023-07-13T00:00:00Z,0.3,6.75,0.82,0.02,0.08173333333333332
1-ALOH007.93,Curtis Lake,CURTIS LAKE - 100' FROM DAM,NRO,2023-08-01T00:00:00Z,0.3,10.5,0.65,0.02,0.07862536783912134
1-ALOH007.93,Curtis Lake,CURTIS LAKE - 100' FROM DAM,NRO,2023-09-11T00:00:00Z,0.3,12.8,0.64,0.02,0.2534851926443653
1-ALOH008.01,Curtis Lake,CURTIS LAKE - NEARSHORE,NRO,2023-06-27T00:00:00Z,NA,NA,NA,NA,0.1809333333333333
1-ALOH008.01,Curtis Lake,CURTIS LAKE - NEARSHORE,NRO,2023-07-13T00:00:00Z,NA,NA,NA,NA,0.06772666666666667
1-ALOH008.01,Curtis Lake,CURTIS LAKE - NEARSHORE,NRO,2023-08-01T00:00:00Z,NA,NA,NA,NA,0.08349440249901911
1-ALOH008.01,Curtis Lake,CURTIS LAKE - NEARSHORE,NRO,2023-09-11T00:00:00Z,NA,NA,NA,NA,0.1652395078815093
1-ALOH007.93,Curtis Lake,CURTIS LAKE - 100' FROM DAM,NRO,2024-06-11T00:00:00Z,0.3,12.2,0.97,0.02,0.003139093024543776
1-ALOH007.93,Curtis Lake,CURTIS LAKE - 100' FROM DAM,NRO,2024-07-11T00:00:00Z,0.3,13.7,0.98,0.02,0.0023030480119569183
1-ALOH007.93,Curtis Lake,CURTIS LAKE - 100' FROM DAM,NRO,2024-08-13T00:00:00Z,0.3,8.65,0.64,0.01,0.020102796489127082
1-ALOH007.93,Curtis Lake,CURTIS LAKE - 100' FROM DAM,NRO,2024-09-17T00:00:00Z,0.3,8.06,0.58,0.01,0.159114714919173
1-ALOH008.01,Curtis Lake,CURTIS LAKE - NEARSHORE,NRO,2024-06-11T00:00:00Z,NA,NA,NA,NA,0.00558954073384714
1-ALOH008.01,Curtis Lake,CURTIS LAKE - NEARSHORE,NRO,2024-07-11T00:00:00Z,NA,NA,NA,NA,0.0100604894620514
1-ALOH008.01,Curtis Lake,CURTIS LAKE - NEARSHORE,NRO,2024-08-13T00:00:00Z,NA,NA,NA,NA,0.0404417650426759
1-ALOH008.01,Curtis Lake,CURTIS LAKE - NEARSHORE,NRO,2024-09-17T00:00:00Z,NA,NA,NA,NA,0.540617789410334
1-BCNG003.13,Shenandoah Lake,SHENANDOAH LAKE STA. #A 50 FT UPSTREAM O,VRO,2023-06-05T00:00:00Z,0.3,7.67,0.88,0.02,0.0290141307597666
1-BCNG003.13,Shenandoah Lake,SHENANDOAH LAKE STA. #A 50 FT UPSTREAM O,VRO,2023-07-05T00:00:00Z,0.3,4.73,0.7,0.02,0.0184074651423612
1-BCNG003.13,Shenandoah Lake,SHENANDOAH LAKE STA. #A 50 FT UPSTREAM O,VRO,2023-08-03T00:00:00Z,0.3,14.2,0.61,0.02,0.0190034654816767
1-BCNG003.13,Shenandoah Lake,SHENANDOAH LAKE STA. #A 50 FT UPSTREAM O,VRO,2023-09-06T00:00:00Z,0.3,9.66,0.51,0.02,0.0241738427440294
1-BCNG003.46,Shenandoah Lake,Shenandoah Lake Boat Ramp,VRO,2023-06-05T00:00:00Z,NA,NA,NA,NA,0.0171257739956229
1-BCNG003.46,Shenandoah Lake,Shenandoah Lake Boat Ramp,VRO,2023-07-05T00:00:00Z,NA,NA,NA,NA,0.0404819254742793
1-BCNG003.46,Shenandoah Lake,Shenandoah Lake Boat Ramp,VRO,2023-08-03T00:00:00Z,NA,NA,NA,NA,0.0295860767086843
1-BCNG003.46,Shenandoah Lake,Shenandoah Lake Boat Ramp,VRO,2023-09-06T00:00:00Z,NA,NA,NA,NA,0.0365341627997132
1-BCNG003.13,Shenandoah Lake,SHENANDOAH LAKE STA. #A 50 FT UPSTREAM O,VRO,2024-06-10T00:00:00Z,0.3,9.18,0.71,0.02,0.0114121814442958
1-BCNG003.13,Shenandoah Lake,SHENANDOAH LAKE STA. #A 50 FT UPSTREAM O,VRO,2024-07-15T00:00:00Z,0.3,5.73,0.56,0.01,0.00240746883402368
1-BCNG003.13,Shenandoah Lake,SHENANDOAH LAKE STA. #A 50 FT UPSTREAM O,VRO,2024-08-26T00:00:00Z,0.3,10.6,0.5,0.01,0.0304680669674344
1-BCNG003.13,Shenandoah Lake,SHENANDOAH LAKE STA. #A 50 FT UPSTREAM O,VRO,2024-09-26T00:00:00Z,0.3,13.8,0.6,0.01,0.00306115727880008
1-BCNG003.46,Shenandoah Lake,Shenandoah Lake Boat Ramp,VRO,2024-06-10T00:00:00Z,NA,NA,NA,NA,0.0103494130129372
1-BCNG003.46,Shenandoah Lake,Shenandoah Lake Boat Ramp,VRO,2024-07-15T00:00:00Z,NA,NA,NA,NA,0.0127730931869321
1-BCNG003.46,Shenandoah Lake,Shenandoah Lake Boat Ramp,VRO,2024-08-26T00:00:00Z,NA,NA,NA,NA,0.0216968799079087
1-BCNG003.46,Shenandoah Lake,Shenandoah Lake Boat Ramp,VRO,2024-09-26T00:00:00Z,NA,NA,NA,NA,0.00113229892913216
2-APP020.23,Lake Chesdin,LAKE CHESDIN STA #1 - NEAR DAM CHESTERFI,PRO,2023-06-15T00:00:00Z,0.3,16.4,0.49,0.03,0.0768211732002095
2-APP020.23,Lake Chesdin,LAKE CHESDIN STA #1 - NEAR DAM CHESTERFI,PRO,2023-07-25T00:00:00Z,0.3,20.4,0.63,0.04,0.07692
2-APP020.23,Lake Chesdin,LAKE CHESDIN STA #1 - NEAR DAM CHESTERFI,PRO,2023-08-24T00:00:00Z,0.3,9.04,0.53,0.03,0.15644396380792
2-APP020.23,Lake Chesdin,LAKE CHESDIN STA #1 - NEAR DAM CHESTERFI,PRO,2023-09-20T00:00:00Z,0.3,8.9,0.6,0.03,0.267729797194633
2-APP020.23,Lake Chesdin,LAKE CHESDIN STA #1 - NEAR DAM CHESTERFI,PRO,2023-10-19T00:00:00Z,0.3,8.19,0.62,0.04,0.157485308337018
2-DAPP019.68,Lake Chesdin,Lake Chesdin at boat launch near Dam (Littoral),PRO,2023-05-17T00:00:00Z,NA,NA,NA,NA,0.119224995558897
2-DAPP019.68,Lake Chesdin,Lake Chesdin at boat launch near Dam (Littoral),PRO,2023-06-15T00:00:00Z,NA,NA,NA,NA,0.090012795757787
2-DAPP019.68,Lake Chesdin,Lake Chesdin at boat launch near Dam (Littoral),PRO,2023-07-25T00:00:00Z,NA,NA,NA,NA,0.07085
2-DAPP019.68,Lake Chesdin,Lake Chesdin at boat launch near Dam (Littoral),PRO,2023-08-24T00:00:00Z,NA,NA,NA,NA,0.216899999999999
2-DAPP019.68,Lake Chesdin,Lake Chesdin at boat launch near Dam (Littoral),PRO,2023-09-20T00:00:00Z,NA,NA,NA,NA,0.335490717992102
2-DAPP019.68,Lake Chesdin,Lake Chesdin at boat launch near Dam (Littoral),PRO,2023-10-19T00:00:00Z,NA,NA,NA,NA,0.0951027689999434
2-BVR002.19,Beaver Creek,Above Dam - Beaver Creek Reservoir,VRO,2023-06-26T00:00:00Z,0.3,3.29,0.41,0.02,0.0281299885802771
2-BVR002.19,Beaver Creek,Above Dam - Beaver Creek Reservoir,VRO,2023-07-24T00:00:00Z,0.3,3.93,0.44,0.02,0.0242018729677979
2-BVR002.19,Beaver Creek,Above Dam - Beaver Creek Reservoir,VRO,2023-08-16T00:00:00Z,0.3,3.42,0.38,0.02,0.0195964554857723
2-BVR002.19,Beaver Creek,Above Dam - Beaver Creek Reservoir,VRO,2023-09-27T00:00:00Z,0.3,5.11,0.34,0.02,0.0225181470713718
2-BVR002.33,Beaver Creek,Beaver Creek Reservoir at Boat Ramp,VRO,2023-06-26T00:00:00Z,NA,NA,NA,NA,0.0172144267463593
2-BVR002.33,Beaver Creek,Beaver Creek Reservoir at Boat Ramp,VRO,2023-07-24T00:00:00Z,NA,NA,NA,NA,0.0231468501576181
2-BVR002.33,Beaver Creek,Beaver Creek Reservoir at Boat Ramp,VRO,2023-08-16T00:00:00Z,NA,NA,NA,NA,0.0174655566749931
2-BVR002.33,Beaver Creek,Beaver Creek Reservoir at Boat Ramp,VRO,2023-09-27T00:00:00Z,NA,NA,NA,NA,0.0220341043395591
2-BVR002.19,Beaver Creek,Above Dam - Beaver Creek Reservoir,VRO,2024-06-20T00:00:00Z,0.3,1.76,0.32,0.01,0.0218485613902249
2-BVR002.19,Beaver Creek,Above Dam - Beaver Creek Reservoir,VRO,2024-07-23T00:00:00Z,0.3,0.92,0.29,0.01,0.0134008747908741
2-BVR002.19,Beaver Creek,Above Dam - Beaver Creek Reservoir,VRO,2024-08-13T00:00:00Z,0.3,11.5,0.44,0.02,0.00221874265860196
2-BVR002.19,Beaver Creek,Above Dam - Beaver Creek Reservoir,VRO,2024-09-19T00:00:00Z,0.3,1.55,0.36,0.01,0.0304120970716473
2-BVR002.33,Beaver Creek,Beaver Creek Reservoir at Boat Ramp,VRO,2024-06-20T00:00:00Z,NA,NA,NA,NA,0.00495347883732544
2-BVR002.33,Beaver Creek,Beaver Creek Reservoir at Boat Ramp,VRO,2024-07-23T00:00:00Z,NA,NA,NA,NA,0.00912627230658498
2-BVR002.33,Beaver Creek,Beaver Creek Reservoir at Boat Ramp,VRO,2024-08-13T00:00:00Z,NA,NA,NA,NA,0.00364405352360547
2-BVR002.33,Beaver Creek,Beaver Creek Reservoir at Boat Ramp,VRO,2024-09-19T00:00:00Z,NA,NA,NA,NA,0.0240571178957568
2-CHK025.15,Chickahominy Lake,"Chickahominy Reservoir, Station 1",PRO,2023-06-12T00:00:00Z,0.3,12.2,0.69,0.06,0.0672673558369863
2-CHK025.15,Chickahominy Lake,"Chickahominy Reservoir, Station 1",PRO,2023-07-17T00:00:00Z,0.3,37.7,0.98,0.07,0.0334823333333333
2-CHK025.15,Chickahominy Lake,"Chickahominy Reservoir, Station 1",PRO,2023-08-07T00:00:00Z,0.3,31.3,0.84,0.06,0.0672366666666666
2-CHK025.15,Chickahominy Lake,"Chickahominy Reservoir, Station 1",PRO,2023-09-19T00:00:00Z,0.3,34.1,0.82,0.06,0.158062367545023
2-CHK025.15,Chickahominy Lake,"Chickahominy Reservoir, Station 1",PRO,2023-10-18T00:00:00Z,NA,NA,NA,NA,0.0228067525796242
2-CHK027.10,Chickahominy Lake,Chickahominy Reservoir at Eagles Landing Ramp (Littoral),PRO,2023-06-12T00:00:00Z,NA,NA,NA,NA,0.031947609401758
2-CHK027.10,Chickahominy Lake,Chickahominy Reservoir at Eagles Landing Ramp (Littoral),PRO,2023-07-17T00:00:00Z,NA,NA,NA,NA,0.00866653333333333
2-CHK027.10,Chickahominy Lake,Chickahominy Reservoir at Eagles Landing Ramp (Littoral),PRO,2023-08-07T00:00:00Z,NA,NA,NA,NA,0.0286466666666666
2-CHK027.10,Chickahominy Lake,Chickahominy Reservoir at Eagles Landing Ramp (Littoral),PRO,2023-09-19T00:00:00Z,NA,NA,NA,NA,0.121351076475963
2-CHK027.10,Chickahominy Lake,Chickahominy Reservoir at Eagles Landing Ramp (Littoral),PRO,2023-10-18T00:00:00Z,NA,NA,NA,NA,0.0234411722633389
2-LMD000.02,Lake Meade,LAKE MEADE STA #1-100 M FROM SPILLWAY-SU,TRO,2024-06-20T00:00:00Z,0.3,17.2,0.7,0.02,0.171344196463137
2-LMD000.02,Lake Meade,LAKE MEADE STA #1-100 M FROM SPILLWAY-SU,TRO,2024-07-30T00:00:00Z,0.3,44,0.62,0.02,0.207369004960126
2-LMD000.02,Lake Meade,LAKE MEADE STA #1-100 M FROM SPILLWAY-SU,TRO,2024-08-20T00:00:00Z,0.3,36.2,0.67,0.03,0.16357805866233
2-LMD000.02,Lake Meade,LAKE MEADE STA #1-100 M FROM SPILLWAY-SU,TRO,2024-09-26T00:00:00Z,0.3,36.8,0.62,0.03,0.132090018577781
2-LMD001.41,Lake Meade,LAKE MEADE STA #2 - 50 M. S. OF RT. 638,TRO,2024-06-20T00:00:00Z,0.3,32.9,0.71,0.035,0.112920706256634
2-LMD001.41,Lake Meade,LAKE MEADE STA #2 - 50 M. S. OF RT. 638,TRO,2024-07-30T00:00:00Z,0.3,30.2,0.6,0.03,0.143550411743269
2-LMD001.41,Lake Meade,LAKE MEADE STA #2 - 50 M. S. OF RT. 638,TRO,2024-08-20T00:00:00Z,0.3,25.2,0.65,0.03,0.371174347062386
2-LMD001.41,Lake Meade,LAKE MEADE STA #2 - 50 M. S. OF RT. 638,TRO,2024-09-26T00:00:00Z,0.3,23.5,0.6,0.02,NA
2-LMD002.57,Lake Meade,LAKE MEADE AT BOAT RAMP,TRO,2024-06-20T00:00:00Z,NA,NA,NA,NA,0.206887726574377
2-LMD002.57,Lake Meade,LAKE MEADE AT BOAT RAMP,TRO,2024-07-30T00:00:00Z,NA,NA,NA,NA,0.150020883760695
2-LMD002.57,Lake Meade,LAKE MEADE AT BOAT RAMP,TRO,2024-08-20T00:00:00Z,NA,NA,NA,NA,0.161677234349106
2-LMD002.57,Lake Meade,LAKE MEADE AT BOAT RAMP,TRO,2024-09-26T00:00:00Z,NA,NA,NA,NA,0.119219674376771
2-MBN000.96,Sandy River,"SANDY RIVER RESERVOIR, MARROWBONE CR AR",PRO,2024-06-05T00:00:00Z,0.3,20.7,0.71,0.04,0.224134176012495
2-MBN000.96,Sandy River,"SANDY RIVER RESERVOIR, MARROWBONE CR AR",PRO,2024-07-29T00:00:00Z,0.3,12.8,0.58,0.02,0.21513294041136
2-MBN000.96,Sandy River,"SANDY RIVER RESERVOIR, MARROWBONE CR AR",PRO,2024-08-26T00:00:00Z,0.3,8.28,0.55,0.02,0.215095136523212
2-MBN000.96,Sandy River,"SANDY RIVER RESERVOIR, MARROWBONE CR AR",PRO,2024-09-23T00:00:00Z,0.3,19.9,0.55,0.02,0.276479010520368
2-SDY004.27,Sandy River,"SANDY RIVER, RESERVOIR, NEAR DAM",PRO,2024-06-05T00:00:00Z,0.3,20.3,0.68,0.02,0.26128984083618
2-SDY004.27,Sandy River,"SANDY RIVER, RESERVOIR, NEAR DAM",PRO,2024-07-29T00:00:00Z,0.3,13.1,0.58,0.02,0.32748982275016
2-SDY004.27,Sandy River,"SANDY RIVER, RESERVOIR, NEAR DAM",PRO,2024-08-26T00:00:00Z,0.3,11.6,0.56,0.02,0.219794248500115
2-SDY004.27,Sandy River,"SANDY RIVER, RESERVOIR, NEAR DAM",PRO,2024-09-23T00:00:00Z,0.3,14.6,0.52,0.02,0.197926464555032
2-SDY005.85,Sandy River,"SANDY RIVER, RESRVOIR, UPPER LAKE STATIO",PRO,2024-06-05T00:00:00Z,0.3,26.9,0.72,0.02,0.337441551618643
2-SDY005.85,Sandy River,"SANDY RIVER, RESRVOIR, UPPER LAKE STATIO",PRO,2024-07-29T00:00:00Z,0.3,21.2,0.63,0.04,0.331412557055592
2-SDY005.85,Sandy River,"SANDY RIVER, RESRVOIR, UPPER LAKE STATIO",PRO,2024-08-26T00:00:00Z,0.3,13.2,0.56,0.02,0.177904858661336
2-SDY005.85,Sandy River,"SANDY RIVER, RESRVOIR, UPPER LAKE STATIO",PRO,2024-09-23T00:00:00Z,0.3,30.35,0.64,0.03,0.244925551225922
2-SDY004.50,Sandy River,"SANDY RIVER, RESRVOIR, BOAT RAMP",PRO,2024-06-05T00:00:00Z,NA,NA,NA,NA,0.176174832325094
2-SDY004.50,Sandy River,"SANDY RIVER, RESRVOIR, BOAT RAMP",PRO,2024-07-29T00:00:00Z,NA,NA,NA,NA,0.241494206872636
2-SDY004.50,Sandy River,"SANDY RIVER, RESRVOIR, BOAT RAMP",PRO,2024-08-26T00:00:00Z,NA,NA,NA,NA,0.200867116681655
2-SDY004.50,Sandy River,"SANDY RIVER, RESRVOIR, BOAT RAMP",PRO,2024-09-23T00:00:00Z,NA,NA,NA,NA,0.189495920026975
2-MIN000.98,Mills Creek Reservoir,Mill Cr Reservoir- Main Lake site @ dam,BRRO,2023-06-13T00:00:00Z,0.3,17.2,0.97,0.02,0.0309794650167274
2-MIN000.98,Mills Creek Reservoir,Mill Cr Reservoir- Main Lake site @ dam,BRRO,2023-07-06T00:00:00Z,0.3,20.1,1.13,0.04,0.0403338971287601
2-MIN000.98,Mills Creek Reservoir,Mill Cr Reservoir- Main Lake site @ dam,BRRO,2023-08-10T00:00:00Z,0.3,40.4,0.91,0.05,NA
2-MIN000.98,Mills Creek Reservoir,Mill Cr Reservoir- Main Lake site @ dam,BRRO,2023-09-13T00:00:00Z,0.3,17.2,0.78,0.02,0.0933168223779903
2-MIN001.34,Mills Creek Reservoir,Mill Cr Reservoir- Littoral,BRRO,2023-06-13T00:00:00Z,NA,NA,NA,NA,0.0559666993957879
2-MIN001.34,Mills Creek Reservoir,Mill Cr Reservoir- Littoral,BRRO,2023-07-06T00:00:00Z,NA,NA,NA,NA,0.0494492814075963
2-MIN001.34,Mills Creek Reservoir,Mill Cr Reservoir- Littoral,BRRO,2023-08-10T00:00:00Z,NA,NA,NA,NA,0.388871640073396
2-MIN001.34,Mills Creek Reservoir,Mill Cr Reservoir- Littoral,BRRO,2023-09-13T00:00:00Z,NA,NA,NA,NA,0.127082623504193
2-NWB002.93,Western Branch,WESTERN BRANCH RESERV.STA #3 100 M FROM,TRO,2024-06-13T00:00:00Z,0.3,15.4,0.46,0.03,0.456995095239613
2-NWB002.93,Western Branch,WESTERN BRANCH RESERV.STA #3 100 M FROM,TRO,2024-07-24T00:00:00Z,0.3,43,0.7,0.03,0.537172676075186
2-NWB002.93,Western Branch,WESTERN BRANCH RESERV.STA #3 100 M FROM,TRO,2024-08-15T00:00:00Z,0.3,20,0.48,0.02,0.352531854825178
2-NWB002.93,Western Branch,WESTERN BRANCH RESERV.STA #3 100 M FROM,TRO,2024-09-19T00:00:00Z,0.3,15.8,0.41,0.01,0.178217794025409
2-NWB004.67,Western Branch,WESTERN BRANCH RESERV. STA #2 100 M W RU,TRO,2024-06-13T00:00:00Z,0.3,15.4,0.57,0.02,0.95809234169542
2-NWB004.67,Western Branch,WESTERN BRANCH RESERV. STA #2 100 M W RU,TRO,2024-07-24T00:00:00Z,0.3,32.8,0.61,0.03,0.349794197154097
2-NWB004.67,Western Branch,WESTERN BRANCH RESERV. STA #2 100 M W RU,TRO,2024-08-15T00:00:00Z,0.3,27.4,0.49,0.02,0.37044146845067
2-NWB004.67,Western Branch,WESTERN BRANCH RESERV. STA #2 100 M W RU,TRO,2024-09-19T00:00:00Z,0.3,21.6,0.46,0.02,0.241515917994152
2-NWB006.06,Western Branch,WESTERN BRANCH RESERV.STA #1 2 1/2 KM NW,TRO,2024-06-13T00:00:00Z,0.3,12.5,0.57,0.02,1.0576590236171
2-NWB006.06,Western Branch,WESTERN BRANCH RESERV.STA #1 2 1/2 KM NW,TRO,2024-07-24T00:00:00Z,0.3,30.6,0.61,0.03,0.487838743124607
2-NWB006.06,Western Branch,WESTERN BRANCH RESERV.STA #1 2 1/2 KM NW,TRO,2024-08-15T00:00:00Z,0.3,18.1,0.46,0.02,0.208898978356338
2-NWB006.06,Western Branch,WESTERN BRANCH RESERV.STA #1 2 1/2 KM NW,TRO,2024-09-19T00:00:00Z,0.3,17.4,0.42,0.01,0.190494374148194
2-NWB004.62,Western Branch,WESTERN BRANCH RESERV. BOAT RAMP,TRO,2024-06-13T00:00:00Z,NA,NA,NA,NA,0.612627640570164
2-NWB004.62,Western Branch,WESTERN BRANCH RESERV. BOAT RAMP,TRO,2024-07-24T00:00:00Z,NA,NA,NA,NA,0.31923853991864
2-NWB004.62,Western Branch,WESTERN BRANCH RESERV. BOAT RAMP,TRO,2024-08-15T00:00:00Z,NA,NA,NA,NA,0.447938746172895
2-NWB004.62,Western Branch,WESTERN BRANCH RESERV. BOAT RAMP,TRO,2024-09-19T00:00:00Z,NA,NA,NA,NA,0.235991357742047
2-SHS001.00,Stonehouse Creek Reservoir,STONEHOUSE CREEK RESERVOIR-STA 100 FT FR,BRRO,2023-06-13T00:00:00Z,0.3,66.5,1.69,0.06,0.0243250159481983
2-SHS001.00,Stonehouse Creek Reservoir,STONEHOUSE CREEK RESERVOIR-STA 100 FT FR,BRRO,2023-07-06T00:00:00Z,0.3,29.8,0.94,0.04,0.0477032212402342
2-SHS001.00,Stonehouse Creek Reservoir,STONEHOUSE CREEK RESERVOIR-STA 100 FT FR,BRRO,2023-08-10T00:00:00Z,0.3,51.4,1.16,0.06,0.0231030419673348
2-SHS001.00,Stonehouse Creek Reservoir,STONEHOUSE CREEK RESERVOIR-STA 100 FT FR,BRRO,2023-09-13T00:00:00Z,0.3,30.5,0.87,0.04,0.0898422428693009
2-SHS001.05,Stonehouse Creek Reservoir,STONEHOUSE CREEK RESERVOIR-Littoral,BRRO,2023-06-13T00:00:00Z,NA,NA,NA,NA,0.0345432775746864
2-SHS001.05,Stonehouse Creek Reservoir,STONEHOUSE CREEK RESERVOIR-Littoral,BRRO,2023-07-06T00:00:00Z,NA,NA,NA,NA,0.0268451347819234
2-SHS001.05,Stonehouse Creek Reservoir,STONEHOUSE CREEK RESERVOIR-Littoral,BRRO,2023-08-10T00:00:00Z,NA,NA,NA,NA,0.0412821691597527
2-SHS001.05,Stonehouse Creek Reservoir,STONEHOUSE CREEK RESERVOIR-Littoral,BRRO,2023-09-13T00:00:00Z,NA,NA,NA,NA,0.151195062350505
2-SHS001.00,Stonehouse Creek Reservoir,STONEHOUSE CREEK RESERVOIR-STA 100 FT FR,BRRO,2024-06-11T00:00:00Z,0.3,17.5,1.23,0.04,0.455294558139234
2-SHS001.00,Stonehouse Creek Reservoir,STONEHOUSE CREEK RESERVOIR-STA 100 FT FR,BRRO,2024-07-09T00:00:00Z,0.3,6.46,0.54,0.02,0.799979274778996
2-SHS001.00,Stonehouse Creek Reservoir,STONEHOUSE CREEK RESERVOIR-STA 100 FT FR,BRRO,2024-08-12T00:00:00Z,0.3,42.05,1.025,0.04,0.192223856642129
2-SHS001.00,Stonehouse Creek Reservoir,STONEHOUSE CREEK RESERVOIR-STA 100 FT FR,BRRO,2024-09-09T00:00:00Z,0.3,16.7,0.61,0.03,0.123751422990059
2-SPE000.17,Speights Run,"SPEIGHTS RUN-STA #1-MIDLAKE, 100M FR RT.",TRO,2024-06-13T00:00:00Z,0.3,19.4,0.78,0.02,0.00899894519131677
2-SPE000.17,Speights Run,"SPEIGHTS RUN-STA #1-MIDLAKE, 100M FR RT.",TRO,2024-07-24T00:00:00Z,0.3,21.6,0.68,0.03,0.00201094424330206
2-SPE000.17,Speights Run,"SPEIGHTS RUN-STA #1-MIDLAKE, 100M FR RT.",TRO,2024-08-15T00:00:00Z,0.3,84.4,1.1,0.04,0.0570869318711236
2-SPE000.17,Speights Run,"SPEIGHTS RUN-STA #1-MIDLAKE, 100M FR RT.",TRO,2024-09-19T00:00:00Z,0.3,40.7,0.77,0.03,0.0861683109593131
2-SPE001.18,Speights Run,"SPEIGHTS RUN-STA#2,MIDLAKE, 300M W RT. 6",TRO,2024-06-13T00:00:00Z,0.3,13.3,0.76,0.02,0.0188514675253058
2-SPE001.18,Speights Run,"SPEIGHTS RUN-STA#2,MIDLAKE, 300M W RT. 6",TRO,2024-07-24T00:00:00Z,0.3,50,0.76,0.06,0.0794886145599115
2-SPE001.18,Speights Run,"SPEIGHTS RUN-STA#2,MIDLAKE, 300M W RT. 6",TRO,2024-08-15T00:00:00Z,0.3,40.4,1.01,0.05,0.171690341313323
2-SPE001.18,Speights Run,"SPEIGHTS RUN-STA#2,MIDLAKE, 300M W RT. 6",TRO,2024-09-19T00:00:00Z,0.3,26,0.72,0.02,0.208063077253985
2-SPE000.07,Speights Run,SPEIGHTS RUN-BOAT RAMP,TRO,2024-06-13T00:00:00Z,NA,NA,NA,NA,0.00665154259130814
2-SPE000.07,Speights Run,SPEIGHTS RUN-BOAT RAMP,TRO,2024-07-24T00:00:00Z,NA,NA,NA,NA,0.0104428966945718
2-SPE000.07,Speights Run,SPEIGHTS RUN-BOAT RAMP,TRO,2024-08-15T00:00:00Z,NA,NA,NA,NA,0.0290676238335763
2-SPE000.07,Speights Run,SPEIGHTS RUN-BOAT RAMP,TRO,2024-09-19T00:00:00Z,NA,NA,NA,NA,2.06664210694074
2-STG000.21,Powhatan Lakes,POWHATAN LAKE (LOWER) NEAR DAM - POWHATA,PRO,2024-06-03T00:00:00Z,0.3,5.545,0.445,0.02,0.0224427230534631
2-STG000.21,Powhatan Lakes,POWHATAN LAKE (LOWER) NEAR DAM - POWHATA,PRO,2024-07-23T00:00:00Z,0.3,31.5,0.65,0.04,0.0209236129751524
2-STG000.21,Powhatan Lakes,POWHATAN LAKE (LOWER) NEAR DAM - POWHATA,PRO,2024-08-12T00:00:00Z,0.3,14.6,0.49,0.02,0.00996057042084388
2-STG000.21,Powhatan Lakes,POWHATAN LAKE (LOWER) NEAR DAM - POWHATA,PRO,2024-09-18T00:00:00Z,0.3,43.4,0.67,0.02,0.0191049920820977
2-STG000.55,Powhatan Lakes,POWHATAN LAKE BOAT RAMP,PRO,2024-06-10T00:00:00Z,NA,NA,NA,NA,0.0263717776800543
2-STG000.55,Powhatan Lakes,POWHATAN LAKE BOAT RAMP,PRO,2024-07-23T00:00:00Z,NA,NA,NA,NA,0.0759081033339431
2-STG000.55,Powhatan Lakes,POWHATAN LAKE BOAT RAMP,PRO,2024-08-12T00:00:00Z,NA,NA,NA,NA,0.00377187667261247
2-STG000.55,Powhatan Lakes,POWHATAN LAKE BOAT RAMP,PRO,2024-09-18T00:00:00Z,NA,NA,NA,NA,0.00733643767102486
2-TRH000.40,Thrashers Creek Reservoir,THRASHERS CREEK RESERVOIR-STA 100' FROM,BRRO,2023-06-13T00:00:00Z,0.3,8.29,0.51,0.03,0.0279592068120343
2-TRH000.40,Thrashers Creek Reservoir,THRASHERS CREEK RESERVOIR-STA 100' FROM,BRRO,2023-07-06T00:00:00Z,0.3,11.4,0.58,0.04,0.192462351112609
2-TRH000.40,Thrashers Creek Reservoir,THRASHERS CREEK RESERVOIR-STA 100' FROM,BRRO,2023-08-10T00:00:00Z,0.3,23.5,1.2,0.06,0.0522009672886654
2-TRH000.40,Thrashers Creek Reservoir,THRASHERS CREEK RESERVOIR-STA 100' FROM,BRRO,2023-09-13T00:00:00Z,0.3,25.6,0.9,0.04,0.148689847073962
2-TRH000.48,Thrashers Creek Reservoir,THRASHERS CREEK RESERVOIR- Littoral,BRRO,2023-06-13T00:00:00Z,NA,NA,NA,NA,0.0399776288207843
2-TRH000.48,Thrashers Creek Reservoir,THRASHERS CREEK RESERVOIR- Littoral,BRRO,2023-07-06T00:00:00Z,NA,NA,NA,NA,0.0221849558155093
2-TRH000.48,Thrashers Creek Reservoir,THRASHERS CREEK RESERVOIR- Littoral,BRRO,2023-08-10T00:00:00Z,NA,NA,NA,NA,0.068276436485294
2-TRH000.48,Thrashers Creek Reservoir,THRASHERS CREEK RESERVOIR- Littoral,BRRO,2023-09-13T00:00:00Z,NA,NA,NA,NA,0.103597759981382
2-TRH000.40,Thrashers Creek Reservoir,THRASHERS CREEK RESERVOIR-STA 100' FROM,BRRO,2024-06-11T00:00:00Z,0.3,3.74,0.38,0.03,0.109919239700018
2-TRH000.40,Thrashers Creek Reservoir,THRASHERS CREEK RESERVOIR-STA 100' FROM,BRRO,2024-07-09T00:00:00Z,0.3,14.3,0.9,0.02,0.0235876423888076
2-TRH000.40,Thrashers Creek Reservoir,THRASHERS CREEK RESERVOIR-STA 100' FROM,BRRO,2024-08-12T00:00:00Z,0.3,9.95,0.53,0.02,6.4180804437948e-4
2-TRH000.40,Thrashers Creek Reservoir,THRASHERS CREEK RESERVOIR-STA 100' FROM,BRRO,2024-09-09T00:00:00Z,0.3,53.6,0.65,0.03,0.0163382571789178
2-XLU000.10,Lake Nelson,LAKE NELSON - NEAR DAM,VRO,2023-06-27T00:00:00Z,0.3,34.4,1.26,0.03,0.133326150555328
2-XLU000.10,Lake Nelson,LAKE NELSON - NEAR DAM,VRO,2023-07-10T00:00:00Z,0.3,25.1,1.05,0.04,0.128791904286976
2-XLU000.10,Lake Nelson,LAKE NELSON - NEAR DAM,VRO,2023-08-15T00:00:00Z,0.3,13.7,0.71,0.03,0.665211041100258
2-XLU000.10,Lake Nelson,LAKE NELSON - NEAR DAM,VRO,2023-09-21T00:00:00Z,0.3,15.1,0.73,0.03,0.655440619787481
2-XLU000.15,Lake Nelson,LAKE NELSON - Littoral,VRO,2023-06-27T00:00:00Z,NA,NA,NA,NA,0.10087067926488
2-XLU000.15,Lake Nelson,LAKE NELSON - Littoral,VRO,2023-07-10T00:00:00Z,NA,NA,NA,NA,0.179530908806248
2-XLU000.15,Lake Nelson,LAKE NELSON - Littoral,VRO,2023-08-15T00:00:00Z,NA,NA,NA,NA,0.63675282090189
2-XLU000.15,Lake Nelson,LAKE NELSON - Littoral,VRO,2023-09-21T00:00:00Z,NA,NA,NA,NA,0.70825437521641
2-XLU000.10,Lake Nelson,LAKE NELSON - NEAR DAM,VRO,2024-06-11T00:00:00Z,0.3,21.5,0.8,0.02,0.0338320622262294
2-XLU000.10,Lake Nelson,LAKE NELSON - NEAR DAM,VRO,2024-07-25T00:00:00Z,0.3,27.6,1.19,0.04,0.165646564484936
2-XLU000.10,Lake Nelson,LAKE NELSON - NEAR DAM,VRO,2024-08-19T00:00:00Z,0.3,24.1,1.05,0.02,0.440131365153907
2-XLU000.10,Lake Nelson,LAKE NELSON - NEAR DAM,VRO,2024-09-24T00:00:00Z,0.3,54.4,0.83,0.02,0.837764833181813
2-XLW000.60,Amelia Lake,NEAR THE DAM - AMELIA LAKE- AMELIA CO,PRO,2024-06-03T00:00:00Z,0.3,8.74,0.66,0.02,0.077595666140122
2-XLW000.60,Amelia Lake,NEAR THE DAM - AMELIA LAKE- AMELIA CO,PRO,2024-07-23T00:00:00Z,0.3,8.94,0.58,0.01,0.178408953700631
2-XLW000.60,Amelia Lake,NEAR THE DAM - AMELIA LAKE- AMELIA CO,PRO,2024-08-12T00:00:00Z,0.3,7.39,0.56,0.01,0.0754413456259079
2-XLW000.60,Amelia Lake,NEAR THE DAM - AMELIA LAKE- AMELIA CO,PRO,2024-09-18T00:00:00Z,0.3,7.8,0.46,0.01,0.0989883051155717
2-XLW001.16,Amelia Lake,Amelia Lake Boat Ramp,PRO,2024-06-03T00:00:00Z,NA,NA,NA,NA,0.0503196687167814
2-XLW001.16,Amelia Lake,Amelia Lake Boat Ramp,PRO,2024-07-23T00:00:00Z,NA,NA,NA,NA,0.0656133011926134
2-XLW001.16,Amelia Lake,Amelia Lake Boat Ramp,PRO,2024-08-12T00:00:00Z,NA,NA,NA,NA,0.054152751409815
2-XLW001.16,Amelia Lake,Amelia Lake Boat Ramp,PRO,2024-09-18T00:00:00Z,NA,NA,NA,NA,0.0471603324580902
4-ACRR008.32,Cherrystone Creek,STATION #1 AT DAM - PITTSYLVANIA COUNTY,BRRO,2023-06-13T00:00:00Z,0.3,4.24,0.31,0.02,0.0429606887758848
4-ACRR008.32,Cherrystone Creek,STATION #1 AT DAM - PITTSYLVANIA COUNTY,BRRO,2023-07-06T00:00:00Z,0.3,2.03,0.26,0.02,0.0765780095915642
4-ACRR008.32,Cherrystone Creek,STATION #1 AT DAM - PITTSYLVANIA COUNTY,BRRO,2023-08-10T00:00:00Z,0.3,9.7,0.36,0.02,0.0640153454883001
4-ACRR008.32,Cherrystone Creek,STATION #1 AT DAM - PITTSYLVANIA COUNTY,BRRO,2023-09-13T00:00:00Z,0.3,13.1,0.53,0.03,0.0388450961995787
4-ACRR008.37,Cherrystone Creek,Cherrystone Reservoir - Littoral,BRRO,2023-07-06T00:00:00Z,NA,NA,NA,NA,0.01794284060094
4-ACRR008.37,Cherrystone Creek,Cherrystone Reservoir - Littoral,BRRO,2023-08-10T00:00:00Z,NA,NA,NA,NA,0.0518103365543366
4-ACRR008.37,Cherrystone Creek,Cherrystone Reservoir - Littoral,BRRO,2023-09-13T00:00:00Z,NA,NA,NA,NA,0.0363691187916438
4-ACRR008.32,Cherrystone Creek,STATION #1 AT DAM - PITTSYLVANIA COUNTY,BRRO,2024-06-11T00:00:00Z,0.3,3.06,0.31,0.01,0.0375890197359961
4-ACRR008.32,Cherrystone Creek,STATION #1 AT DAM - PITTSYLVANIA COUNTY,BRRO,2024-07-09T00:00:00Z,0.3,3.24,0.3,0.01,0.0948102399241328
4-ACRR008.32,Cherrystone Creek,STATION #1 AT DAM - PITTSYLVANIA COUNTY,BRRO,2024-08-14T00:00:00Z,0.3,17,0.57,0.03,0.0400377642942696
4-ACRR008.32,Cherrystone Creek,STATION #1 AT DAM - PITTSYLVANIA COUNTY,BRRO,2024-09-16T00:00:00Z,0.3,18,0.61,0.03,0.0454302545094983
5-ANTW127.14,Fort Pickett Reservoir,Ft Pickett RESERVOIR AT DAM,PRO,2024-06-17T00:00:00Z,0.3,21,0.53,0.06,0.196120938757428
5-ANTW127.14,Fort Pickett Reservoir,Ft Pickett RESERVOIR AT DAM,PRO,2024-07-10T00:00:00Z,0.3,34.95,0.55,0.06,0.0452340926359326
5-ANTW127.14,Fort Pickett Reservoir,Ft Pickett RESERVOIR AT DAM,PRO,2024-08-05T00:00:00Z,0.3,39.2,0.69,0.08,0.0916593792920876
5-ANTW127.14,Fort Pickett Reservoir,Ft Pickett RESERVOIR AT DAM,PRO,2024-09-16T00:00:00Z,0.3,22.4,0.55,0.08,0.182846429000336
5-ANTW127.30,Fort Pickett Reservoir,Ft Pickett RESERVOIR AT BOAT RAMP,PRO,2024-06-17T00:00:00Z,NA,NA,NA,NA,0.102565249842461
5-ANTW127.30,Fort Pickett Reservoir,Ft Pickett RESERVOIR AT BOAT RAMP,PRO,2024-07-10T00:00:00Z,NA,NA,NA,NA,0.0257888001970625
5-ANTW127.30,Fort Pickett Reservoir,Ft Pickett RESERVOIR AT BOAT RAMP,PRO,2024-08-05T00:00:00Z,NA,NA,NA,NA,0.0506052965772047
5-ANTW127.30,Fort Pickett Reservoir,Ft Pickett RESERVOIR AT BOAT RAMP,PRO,2024-09-16T00:00:00Z,NA,NA,NA,NA,0.0273200812111707
6-APNK001.26,North Fork Pound,North Fork Pound Reservoir@DAM - WIS,SWRO,2024-06-10T00:00:00Z,0.3,1.53,0.11,0.01,0.00126536641751427
6-APNK001.26,North Fork Pound,North Fork Pound Reservoir@DAM - WIS,SWRO,2024-07-17T00:00:00Z,0.3,1.62,0.15,0.005,0
6-APNK001.26,North Fork Pound,North Fork Pound Reservoir@DAM - WIS,SWRO,2024-08-19T00:00:00Z,0.3,2.06,0.16,0.005,0.0619297164591007
6-APNK001.26,North Fork Pound,North Fork Pound Reservoir@DAM - WIS,SWRO,2024-09-17T00:00:00Z,0.3,3.99,0.17,0.01,0.0927604121733632
6-APNK001.59,North Fork Pound,North Fork Pound Reservoir AT BOAT RAMP,SWRO,2024-06-10T00:00:00Z,NA,NA,NA,NA,5.67434908643075e-4
6-APNK001.59,North Fork Pound,North Fork Pound Reservoir AT BOAT RAMP,SWRO,2024-07-17T00:00:00Z,NA,NA,NA,NA,0.00245400233907621
6-APNK001.59,North Fork Pound,North Fork Pound Reservoir AT BOAT RAMP,SWRO,2024-08-19T00:00:00Z,NA,NA,NA,NA,0.129462789384659
6-APNK001.59,North Fork Pound,North Fork Pound Reservoir AT BOAT RAMP,SWRO,2024-09-17T00:00:00Z,NA,NA,NA,NA,0.0750264443325341
7-LAS000.06,LAKE SMITH,STA #1 - 200 SOUTH OF RT. 13 BRIDGE,TRO,2023-06-15T00:00:00Z,0.3,65.2,1.68,0.15,0.0469385867653976
7-LAS000.06,LAKE SMITH,STA #1 - 200 SOUTH OF RT. 13 BRIDGE,TRO,2023-07-27T00:00:00Z,0.3,81.6,1.86,0.15,0.00364613345659338
7-LAS000.06,LAKE SMITH,STA #1 - 200 SOUTH OF RT. 13 BRIDGE,TRO,2023-08-24T00:00:00Z,0.3,124,1.92,0.185,0.209267524589162
7-LAS000.06,LAKE SMITH,STA #1 - 200 SOUTH OF RT. 13 BRIDGE,TRO,2023-09-28T00:00:00Z,0.3,102,1.79,0.16,0.0616535094603721
7-LAS000.01,LAKE SMITH,Lake Smith - Littoral,TRO,2023-06-15T00:00:00Z,NA,NA,NA,NA,0.0364997185460128
7-LAS000.01,LAKE SMITH,Lake Smith - Littoral,TRO,2023-07-27T00:00:00Z,NA,NA,NA,NA,5.33998694783169e-4
7-LAS000.01,LAKE SMITH,Lake Smith - Littoral,TRO,2023-08-24T00:00:00Z,NA,NA,NA,NA,0.136318340322049
7-LAS000.01,LAKE SMITH,Lake Smith - Littoral,TRO,2023-09-28T00:00:00Z,NA,NA,NA,NA,0.0285263938967932
7-LTR000.04,LITTLE CREEK RESERVOIR,"STA #2 - MIDLAKE, 200 M SOUTH OF RT. 60",TRO,2023-06-15T00:00:00Z,0.3,79.3,1.62,0.11,0.224003724419511
7-LTR000.04,LITTLE CREEK RESERVOIR,"STA #2 - MIDLAKE, 200 M SOUTH OF RT. 60",TRO,2023-07-27T00:00:00Z,0.3,119,1.95,0.15,5.21210996114823e-4
7-LTR000.04,LITTLE CREEK RESERVOIR,"STA #2 - MIDLAKE, 200 M SOUTH OF RT. 60",TRO,2023-08-24T00:00:00Z,0.3,127,2.19,0.205,0.162614053597154
7-LTR000.04,LITTLE CREEK RESERVOIR,"STA #2 - MIDLAKE, 200 M SOUTH OF RT. 60",TRO,2023-09-28T00:00:00Z,0.3,81.5,2,0.175,0.1048610446142
7-LTR001.05,LITTLE CREEK RESERVOIR,Little Creek Reservoir -Littoral,TRO,2023-06-15T00:00:00Z,NA,NA,NA,NA,0.339364692407396
7-LTR001.05,LITTLE CREEK RESERVOIR,Little Creek Reservoir -Littoral,TRO,2023-07-27T00:00:00Z,NA,NA,NA,NA,0.00109230554314159
7-LTR001.05,LITTLE CREEK RESERVOIR,Little Creek Reservoir -Littoral,TRO,2023-08-24T00:00:00Z,NA,NA,NA,NA,0.0889195990618612
7-LTR001.05,LITTLE CREEK RESERVOIR,Little Creek Reservoir -Littoral,TRO,2023-09-28T00:00:00Z,NA,NA,NA,NA,0.0242316917454521
8-CLC003.48,Lake Orange,LAKE ORANGE- 100' From Dam,NRO,2023-06-28T00:00:00Z,0.3,7.46,0.63,0.03,0.729933333333333
8-CLC003.48,Lake Orange,LAKE ORANGE- 100' From Dam,NRO,2023-07-19T00:00:00Z,0.3,10.5,0.66,0.04,0.341033333333333
8-CLC003.48,Lake Orange,LAKE ORANGE- 100' From Dam,NRO,2023-08-03T00:00:00Z,0.3,22.8,0.66,0.02,0.287583816862877
8-CLC003.48,Lake Orange,LAKE ORANGE- 100' From Dam,NRO,2023-09-21T00:00:00Z,0.3,11.3,0.65,0.02,0.511384504051902
8-CLC003.80,Lake Orange,LAKE ORANGE- Littoral,NRO,2023-06-28T00:00:00Z,NA,NA,NA,NA,0.604666666666666
8-CLC003.80,Lake Orange,LAKE ORANGE- Littoral,NRO,2023-07-19T00:00:00Z,NA,NA,NA,NA,0.32636666666666603
8-CLC003.80,Lake Orange,LAKE ORANGE- Littoral,NRO,2023-08-03T00:00:00Z,NA,NA,NA,NA,0.406152192782659
8-CLC003.80,Lake Orange,LAKE ORANGE- Littoral,NRO,2023-09-21T00:00:00Z,NA,NA,NA,NA,0.46454028583682
8-CLC003.48,Lake Orange,LAKE ORANGE- 100' From Dam,NRO,2024-07-23T00:00:00Z,0.3,25.1,0.87,0.02,0.100677073882842
8-CLC003.48,Lake Orange,LAKE ORANGE- 100' From Dam,NRO,2024-08-12T00:00:00Z,0.3,26.6,0.76,0.01,0.414780669744658
8-CLC003.48,Lake Orange,LAKE ORANGE- 100' From Dam,NRO,2024-09-12T00:00:00Z,0.3,10.8,0.55,0.01,0.123577920973449
8-CLC003.80,Lake Orange,LAKE ORANGE- Littoral,NRO,2024-07-23T00:00:00Z,NA,NA,NA,NA,0.0836549646170632
8-CLC003.80,Lake Orange,LAKE ORANGE- Littoral,NRO,2024-08-12T00:00:00Z,NA,NA,NA,NA,0.236850824167274
8-CLC003.80,Lake Orange,LAKE ORANGE- Littoral,NRO,2024-09-12T00:00:00Z,NA,NA,NA,NA,0.103045215004026
8-NIR012.99,Ni River Reservoir,NI RESERVOIR -  100' from Spillway,NRO,2023-06-28T00:00:00Z,0.3,20.3,0.6,0.05,0.2677
8-NIR012.99,Ni River Reservoir,NI RESERVOIR -  100' from Spillway,NRO,2023-07-19T00:00:00Z,0.3,14.5,0.6,0.04,0.3719
8-NIR012.99,Ni River Reservoir,NI RESERVOIR -  100' from Spillway,NRO,2023-08-03T00:00:00Z,0.3,20.9,0.72,0.04,0.606429939394012
8-NIR012.99,Ni River Reservoir,NI RESERVOIR -  100' from Spillway,NRO,2023-09-21T00:00:00Z,0.3,20.9,0.72,0.05,0.115779505710892
8-NIR013.36,Ni River Reservoir,NI RESERVOIR -  Littoral,NRO,2023-06-28T00:00:00Z,NA,NA,NA,NA,0.3091
8-NIR013.36,Ni River Reservoir,NI RESERVOIR -  Littoral,NRO,2023-07-19T00:00:00Z,NA,NA,NA,NA,0.467533333333333
8-NIR013.36,Ni River Reservoir,NI RESERVOIR -  Littoral,NRO,2023-08-03T00:00:00Z,NA,NA,NA,NA,0.45178681078177
8-NIR013.36,Ni River Reservoir,NI RESERVOIR -  Littoral,NRO,2023-09-21T00:00:00Z,NA,NA,NA,NA,0.537879125444903
8-NIR012.99,Ni River Reservoir,NI RESERVOIR -  100' from Spillway,NRO,2024-06-10T00:00:00Z,0.3,8.46,0.64,0.04,0
8-NIR012.99,Ni River Reservoir,NI RESERVOIR -  100' from Spillway,NRO,2024-07-15T00:00:00Z,0.3,14.9,0.58,0.03,0.0285504997451716
8-NIR012.99,Ni River Reservoir,NI RESERVOIR -  100' from Spillway,NRO,2024-08-12T00:00:00Z,0.3,65.4,0.66,0.07,2.90298175174751
8-NIR012.99,Ni River Reservoir,NI RESERVOIR -  100' from Spillway,NRO,2024-09-12T00:00:00Z,0.3,24.3,0.69,0.06,0.413534315753699
8-NIR013.36,Ni River Reservoir,NI RESERVOIR -  Littoral,NRO,2024-06-10T00:00:00Z,NA,NA,NA,NA,0.00599020232779838
8-NIR013.36,Ni River Reservoir,NI RESERVOIR -  Littoral,NRO,2024-07-15T00:00:00Z,NA,NA,NA,NA,0.0568717517424395
8-NIR013.36,Ni River Reservoir,NI RESERVOIR -  Littoral,NRO,2024-08-12T00:00:00Z,NA,NA,NA,NA,2.56887088730889
8-NIR013.36,Ni River Reservoir,NI RESERVOIR -  Littoral,NRO,2024-09-12T00:00:00Z,NA,NA,NA,NA,0.186874635290532
8-NTH003.92,Northeast Reservoir,Northeast Creek Reservoir - 100' spillwa,NRO,2024-07-23T00:00:00Z,0.3,4.43,0.39,0.02,0.0140361948483032
8-NTH003.92,Northeast Reservoir,Northeast Creek Reservoir - 100' spillwa,NRO,2024-08-12T00:00:00Z,0.3,3.54,0.33,0.02,0.00218071210103263
8-NTH003.92,Northeast Reservoir,Northeast Creek Reservoir - 100' spillwa,NRO,2024-09-12T00:00:00Z,0.3,2.58,0.34,0.01,0.00721889151133467
8-NTH003.95,Northeast Reservoir,Northeast Creek Reservoir Boat Ramp,NRO,2024-07-23T00:00:00Z,NA,NA,NA,NA,0.00175241749804359
8-NTH003.95,Northeast Reservoir,Northeast Creek Reservoir Boat Ramp,NRO,2024-08-12T00:00:00Z,NA,NA,NA,NA,0.0432421579525313
8-NTH003.95,Northeast Reservoir,Northeast Creek Reservoir Boat Ramp,NRO,2024-09-12T00:00:00Z,NA,NA,NA,NA,3.50162464102229e-4
9-XBL000.20,Rural Retreat Lake,RURAL RETREAT LAKE - STA #1 DAM (WYTHE C,SWRO,2023-06-26T00:00:00Z,0.3,10.7,0.49,0.03,0.0391321677861745
9-XBL000.20,Rural Retreat Lake,RURAL RETREAT LAKE - STA #1 DAM (WYTHE C,SWRO,2023-07-20T00:00:00Z,0.3,6.76,0.49,0.03,0.0765969491773515
9-XBL000.20,Rural Retreat Lake,RURAL RETREAT LAKE - STA #1 DAM (WYTHE C,SWRO,2023-08-17T00:00:00Z,0.3,11.3,0.5,0.03,0.167169811203593
9-XBL000.20,Rural Retreat Lake,RURAL RETREAT LAKE - STA #1 DAM (WYTHE C,SWRO,2023-09-12T00:00:00Z,0.3,7.65,0.44,0.02,0.238282863977214
9-XBL000.98,Rural Retreat Lake,RURAL RETREAT LAKE - STA 3 SOUTHWEST ARM (Littoral),SWRO,2023-06-26T00:00:00Z,NA,NA,NA,NA,0.0583951842731351
9-XBL000.98,Rural Retreat Lake,RURAL RETREAT LAKE - STA 3 SOUTHWEST ARM (Littoral),SWRO,2023-07-20T00:00:00Z,NA,NA,NA,NA,0.0488735340064341
9-XBL000.98,Rural Retreat Lake,RURAL RETREAT LAKE - STA 3 SOUTHWEST ARM (Littoral),SWRO,2023-08-17T00:00:00Z,NA,NA,NA,NA,0.182154287327494
9-XBL000.98,Rural Retreat Lake,RURAL RETREAT LAKE - STA 3 SOUTHWEST ARM (Littoral),SWRO,2023-09-12T00:00:00Z,NA,NA,NA,NA,0.17948387311718
9-XBL000.20,Rural Retreat Lake,RURAL RETREAT LAKE - STA #1 DAM (WYTHE C,SWRO,2024-06-11T00:00:00Z,0.3,3.86,0.51,0.02,0.0816075834578722
9-XBL000.20,Rural Retreat Lake,RURAL RETREAT LAKE - STA #1 DAM (WYTHE C,SWRO,2024-07-23T00:00:00Z,0.3,7.35,0.52,0.02,0.0130440022384757
9-XBL000.20,Rural Retreat Lake,RURAL RETREAT LAKE - STA #1 DAM (WYTHE C,SWRO,2024-08-21T00:00:00Z,0.3,11.7,0.62,0.02,0.109145591062542
9-XBL000.20,Rural Retreat Lake,RURAL RETREAT LAKE - STA #1 DAM (WYTHE C,SWRO,2024-09-18T00:00:00Z,0.3,9.59,0.57,0.02,0.139521607122362
